{"current":{"type_body_font":"red_hat_text_n4","type_subheading_font":"newsreader_n2","type_heading_font":"newsreader_n2","type_accent_font":"red_hat_text_n4","type_size_paragraph":"12","type_line_height_paragraph":"body-loose","type_font_h1":"heading","type_size_h1":"120","type_line_height_h1":"display-tight","type_font_h2":"heading","type_size_h2":"72","type_font_h3":"heading","type_size_h3":"48","type_font_h4":"subheading","type_size_h4":"24","type_case_h4":"none","type_font_h5":"body","type_size_h5":"12","type_line_height_h5":"display-loose","type_case_h5":"uppercase","type_font_h6":"body","type_size_h6":"12","type_line_height_h6":"display-loose","type_letter_spacing_h6":"heading-normal","type_case_h6":"uppercase","badge_corner_radius":0,"badge_text_transform":"uppercase","primary_button_border_width":0,"button_border_radius_primary":0,"button_text_case_primary":"uppercase","secondary_button_border_width":1,"button_border_radius_secondary":0,"button_text_case_secondary":"uppercase","cart_type":"drawer","cart_price_font":"primary","show_add_discount_code":false,"icon_stroke":"thin","input_border_width":1,"inputs_border_radius":0,"popover_border_radius":0,"popover_border":"none","currency_code_enabled_product_pages":false,"currency_code_enabled_product_cards":false,"product_corner_radius":0,"card_corner_radius":0,"card_title_case":"uppercase","variant_swatch_width":18,"variant_swatch_height":18,"variant_swatch_radius":0,"variant_button_radius":0,"variant_button_width":"default-width-buttons","color_schemes":{"scheme-1":{"settings":{"background":"#ffffff","foreground_heading":"#000000","foreground":"#000000","primary":"#666666","primary_hover":"#000000","border":"#e6e6e6","shadow":"#000000","primary_button_background":"#000000","primary_button_text":"#ffffff","primary_button_border":"#000000","primary_button_hover_background":"#383838","primary_button_hover_text":"#ffffff","primary_button_hover_border":"#383838","secondary_button_background":"#efefef","secondary_button_text":"#000000","secondary_button_border":"#efefef","secondary_button_hover_background":"#dedede","secondary_button_hover_text":"#000000","secondary_button_hover_border":"#dedede","input_background":"#ffffff","input_text_color":"#000000","input_border_color":"#00000021","input_hover_background":"#f5f5f5","variant_background_color":"#ffffff","variant_text_color":"#000000","variant_border_color":"#e6e6e6","variant_hover_background_color":"#ffffff","variant_hover_text_color":"#000000","variant_hover_border_color":"#000000","selected_variant_background_color":"#000000","selected_variant_text_color":"#ffffff","selected_variant_border_color":"#000000","selected_variant_hover_background_color":"#1a1a1a","selected_variant_hover_text_color":"#ffffff","selected_variant_hover_border_color":"#1a1a1a"}},"scheme-2":{"settings":{"background":"#ffffff","foreground_heading":"#000000","foreground":"#000000","primary":"#000000","primary_hover":"#666666","border":"#0000001c","shadow":"#000000","primary_button_background":"#000000","primary_button_text":"#ffffff","primary_button_border":"#000000","primary_button_hover_background":"#383838","primary_button_hover_text":"#ffffff","primary_button_hover_border":"#383838","secondary_button_background":"rgba(0,0,0,0)","secondary_button_text":"#000000","secondary_button_border":"#000000","secondary_button_hover_background":"rgba(0,0,0,0)","secondary_button_hover_text":"#383838","secondary_button_hover_border":"#383838","input_background":"#ffffff","input_text_color":"#000000","input_border_color":"#000000","input_hover_background":"#f5f5f5eb","variant_background_color":"#ffffff","variant_text_color":"#000000","variant_border_color":"#e6e6e6","variant_hover_background_color":"#f5f5f5","variant_hover_text_color":"#000000","variant_hover_border_color":"#e6e6e6","selected_variant_background_color":"#000000","selected_variant_text_color":"#ffffff","selected_variant_border_color":"#000000","selected_variant_hover_background_color":"#1a1a1a","selected_variant_hover_text_color":"#ffffff","selected_variant_hover_border_color":"#1a1a1a"}},"scheme-3":{"settings":{"background":"#f2f2f2","foreground_heading":"#000000","foreground":"#000000","primary":"#666666","primary_hover":"#000000","border":"#d0d0d0","shadow":"#000000","primary_button_background":"#000000","primary_button_text":"#ffffff","primary_button_border":"#000000","primary_button_hover_background":"#383838","primary_button_hover_text":"#ffffff","primary_button_hover_border":"#383838","secondary_button_background":"rgba(0,0,0,0)","secondary_button_text":"#000000","secondary_button_border":"#000000","secondary_button_hover_background":"rgba(0,0,0,0)","secondary_button_hover_text":"#000000","secondary_button_hover_border":"#000000","input_background":"#ffffff","input_text_color":"#000000","input_border_color":"#000000","input_hover_background":"#f5f5f5","variant_background_color":"#ffffff","variant_text_color":"#000000","variant_border_color":"#e6e6e6","variant_hover_background_color":"#f5f5f5","variant_hover_text_color":"#000000","variant_hover_border_color":"#e6e6e6","selected_variant_background_color":"#000000","selected_variant_text_color":"#ffffff","selected_variant_border_color":"#000000","selected_variant_hover_background_color":"#1a1a1a","selected_variant_hover_text_color":"#ffffff","selected_variant_hover_border_color":"#1a1a1a"}},"scheme-4":{"settings":{"background":"#383838","foreground_heading":"#ffffff","foreground":"#ffffff","primary":"#ffffff","primary_hover":"#000000","border":"#383838","shadow":"#000000","primary_button_background":"#ffffff","primary_button_text":"#383838","primary_button_border":"#ffffff","primary_button_hover_background":"#e6e6e6","primary_button_hover_text":"#000000","primary_button_hover_border":"#e6e6e6","secondary_button_background":"rgba(0,0,0,0)","secondary_button_text":"#ffffff","secondary_button_border":"#ffffff","secondary_button_hover_background":"rgba(0,0,0,0)","secondary_button_hover_text":"#dedede","secondary_button_hover_border":"#dedede","input_background":"#383838","input_text_color":"#ffffff","input_border_color":"#ffffff","input_hover_background":"#5c5c5c","variant_background_color":"#ffffff","variant_text_color":"#000000","variant_border_color":"#e6e6e6","variant_hover_background_color":"#f5f5f5","variant_hover_text_color":"#000000","variant_hover_border_color":"#e6e6e6","selected_variant_background_color":"#000000","selected_variant_text_color":"#ffffff","selected_variant_border_color":"#000000","selected_variant_hover_background_color":"#1a1a1a","selected_variant_hover_text_color":"#ffffff","selected_variant_hover_border_color":"#1a1a1a"}},"scheme-5":{"settings":{"background":"#000000","foreground_heading":"#ffffff","foreground":"#ffffff","primary":"#ffffff","primary_hover":"#acacac","border":"#666666","shadow":"#000000","primary_button_background":"#ffffff","primary_button_text":"#000000","primary_button_border":"#ffffff","primary_button_hover_background":"#dedede","primary_button_hover_text":"#000000","primary_button_hover_border":"#dedede","secondary_button_background":"rgba(0,0,0,0)","secondary_button_text":"#ffffff","secondary_button_border":"#ffffff","secondary_button_hover_background":"rgba(0,0,0,0)","secondary_button_hover_text":"#acacac","secondary_button_hover_border":"#acacac","input_background":"#000000","input_text_color":"#ffffff","input_border_color":"#ffffff","input_hover_background":"#181818","variant_background_color":"#ffffff","variant_text_color":"#000000","variant_border_color":"#e6e6e6","variant_hover_background_color":"#f5f5f5","variant_hover_text_color":"#000000","variant_hover_border_color":"#e6e6e6","selected_variant_background_color":"#000000","selected_variant_text_color":"#ffffff","selected_variant_border_color":"#000000","selected_variant_hover_background_color":"#1a1a1a","selected_variant_hover_text_color":"#ffffff","selected_variant_hover_border_color":"#1a1a1a"}},"scheme-6":{"settings":{"background":"rgba(0,0,0,0)","foreground_heading":"#ffffff","foreground":"#ffffff","primary":"#ffffff","primary_hover":"#acacac","border":"rgba(0,0,0,0)","shadow":"rgba(0,0,0,0)","primary_button_background":"#ffffff","primary_button_text":"#000000","primary_button_border":"#ffffff","primary_button_hover_background":"#dedede","primary_button_hover_text":"#000000","primary_button_hover_border":"#dedede","secondary_button_background":"rgba(0,0,0,0)","secondary_button_text":"#ffffff","secondary_button_border":"#ffffff","secondary_button_hover_background":"rgba(0,0,0,0)","secondary_button_hover_text":"#acacac","secondary_button_hover_border":"#acacac","input_background":"#ffffff","input_text_color":"#000000","input_border_color":"#000000","input_hover_background":"#f5f5f5","variant_background_color":"#ffffff","variant_text_color":"#000000","variant_border_color":"#e6e6e6","variant_hover_background_color":"#f5f5f5","variant_hover_text_color":"#000000","variant_hover_border_color":"#e6e6e6","selected_variant_background_color":"#000000","selected_variant_text_color":"#ffffff","selected_variant_border_color":"#000000","selected_variant_hover_background_color":"#1a1a1a","selected_variant_hover_text_color":"#ffffff","selected_variant_hover_border_color":"#1a1a1a"}}},"blocks":{"pagefly-page-builder":{"type":"shopify:\/\/apps\/pagefly-page-builder\/blocks\/app-embed\/83e179f7-59a0-4589-8c66-c0dddf959200","disabled":false,"settings":{}}}},"presets":{"Atelier":{"color_schemes":{"scheme-1":{"settings":{"background":"#ffffff","foreground_heading":"#000000","foreground":"#000000","primary":"#666666","primary_hover":"#000000","border":"#e6e6e6","shadow":"#000000","primary_button_background":"#000000","primary_button_text":"#ffffff","primary_button_border":"#000000","primary_button_hover_background":"#383838","primary_button_hover_text":"#ffffff","primary_button_hover_border":"#383838","secondary_button_background":"#efefef","secondary_button_text":"#000000","secondary_button_border":"#efefef","secondary_button_hover_background":"#dedede","secondary_button_hover_text":"#000000","secondary_button_hover_border":"#dedede","input_background":"#ffffff","input_text_color":"#000000","input_border_color":"#00000021","input_hover_background":"#f5f5f5","variant_background_color":"#ffffff","variant_text_color":"#000000","variant_border_color":"#e6e6e6","variant_hover_background_color":"#ffffff","variant_hover_text_color":"#000000","variant_hover_border_color":"#000000","selected_variant_background_color":"#000000","selected_variant_text_color":"#ffffff","selected_variant_border_color":"#000000","selected_variant_hover_background_color":"#1a1a1a","selected_variant_hover_text_color":"#ffffff","selected_variant_hover_border_color":"#1a1a1a"}},"scheme-2":{"settings":{"background":"#ffffff","foreground_heading":"#000000","foreground":"#000000","primary":"#000000","primary_hover":"#666666","border":"#0000001c","shadow":"#000000","primary_button_background":"#000000","primary_button_text":"#ffffff","primary_button_border":"#000000","primary_button_hover_background":"#383838","primary_button_hover_text":"#ffffff","primary_button_hover_border":"#383838","secondary_button_background":"rgba(0,0,0,0)","secondary_button_text":"#000000","secondary_button_border":"#000000","secondary_button_hover_background":"rgba(0,0,0,0)","secondary_button_hover_text":"#383838","secondary_button_hover_border":"#383838","input_background":"#ffffff","input_text_color":"#000000","input_border_color":"#000000","input_hover_background":"#f5f5f5eb","variant_background_color":"#ffffff","variant_text_color":"#000000","variant_border_color":"#e6e6e6","variant_hover_background_color":"#f5f5f5","variant_hover_text_color":"#000000","variant_hover_border_color":"#e6e6e6","selected_variant_background_color":"#000000","selected_variant_text_color":"#ffffff","selected_variant_border_color":"#000000","selected_variant_hover_background_color":"#1a1a1a","selected_variant_hover_text_color":"#ffffff","selected_variant_hover_border_color":"#1a1a1a"}},"scheme-3":{"settings":{"background":"#f2f2f2","foreground_heading":"#000000","foreground":"#000000","primary":"#666666","primary_hover":"#000000","border":"#d0d0d0","shadow":"#000000","primary_button_background":"#000000","primary_button_text":"#ffffff","primary_button_border":"#000000","primary_button_hover_background":"#383838","primary_button_hover_text":"#ffffff","primary_button_hover_border":"#383838","secondary_button_background":"rgba(0,0,0,0)","secondary_button_text":"#000000","secondary_button_border":"#000000","secondary_button_hover_background":"rgba(0,0,0,0)","secondary_button_hover_text":"#000000","secondary_button_hover_border":"#000000","input_background":"#ffffff","input_text_color":"#000000","input_border_color":"#000000","input_hover_background":"#f5f5f5","variant_background_color":"#ffffff","variant_text_color":"#000000","variant_border_color":"#e6e6e6","variant_hover_background_color":"#f5f5f5","variant_hover_text_color":"#000000","variant_hover_border_color":"#e6e6e6","selected_variant_background_color":"#000000","selected_variant_text_color":"#ffffff","selected_variant_border_color":"#000000","selected_variant_hover_background_color":"#1a1a1a","selected_variant_hover_text_color":"#ffffff","selected_variant_hover_border_color":"#1a1a1a"}},"scheme-4":{"settings":{"background":"#383838","foreground_heading":"#ffffff","foreground":"#ffffff","primary":"#ffffff","primary_hover":"#000000","border":"#383838","shadow":"#000000","primary_button_background":"#ffffff","primary_button_text":"#383838","primary_button_border":"#ffffff","primary_button_hover_background":"#e6e6e6","primary_button_hover_text":"#000000","primary_button_hover_border":"#e6e6e6","secondary_button_background":"rgba(0,0,0,0)","secondary_button_text":"#ffffff","secondary_button_border":"#ffffff","secondary_button_hover_background":"rgba(0,0,0,0)","secondary_button_hover_text":"#dedede","secondary_button_hover_border":"#dedede","input_background":"#383838","input_text_color":"#ffffff","input_border_color":"#ffffff","input_hover_background":"#5c5c5c","variant_background_color":"#ffffff","variant_text_color":"#000000","variant_border_color":"#e6e6e6","variant_hover_background_color":"#f5f5f5","variant_hover_text_color":"#000000","variant_hover_border_color":"#e6e6e6","selected_variant_background_color":"#000000","selected_variant_text_color":"#ffffff","selected_variant_border_color":"#000000","selected_variant_hover_background_color":"#1a1a1a","selected_variant_hover_text_color":"#ffffff","selected_variant_hover_border_color":"#1a1a1a"}},"scheme-5":{"settings":{"background":"#000000","foreground_heading":"#ffffff","foreground":"#ffffff","primary":"#ffffff","primary_hover":"#acacac","border":"#666666","shadow":"#000000","primary_button_background":"#ffffff","primary_button_text":"#000000","primary_button_border":"#ffffff","primary_button_hover_background":"#dedede","primary_button_hover_text":"#000000","primary_button_hover_border":"#dedede","secondary_button_background":"rgba(0,0,0,0)","secondary_button_text":"#ffffff","secondary_button_border":"#ffffff","secondary_button_hover_background":"rgba(0,0,0,0)","secondary_button_hover_text":"#acacac","secondary_button_hover_border":"#acacac","input_background":"#000000","input_text_color":"#ffffff","input_border_color":"#ffffff","input_hover_background":"#181818","variant_background_color":"#ffffff","variant_text_color":"#000000","variant_border_color":"#e6e6e6","variant_hover_background_color":"#f5f5f5","variant_hover_text_color":"#000000","variant_hover_border_color":"#e6e6e6","selected_variant_background_color":"#000000","selected_variant_text_color":"#ffffff","selected_variant_border_color":"#000000","selected_variant_hover_background_color":"#1a1a1a","selected_variant_hover_text_color":"#ffffff","selected_variant_hover_border_color":"#1a1a1a"}},"scheme-6":{"settings":{"background":"rgba(0,0,0,0)","foreground_heading":"#ffffff","foreground":"#ffffff","primary":"#ffffff","primary_hover":"#acacac","border":"rgba(0,0,0,0)","shadow":"rgba(0,0,0,0)","primary_button_background":"#ffffff","primary_button_text":"#000000","primary_button_border":"#ffffff","primary_button_hover_background":"#dedede","primary_button_hover_text":"#000000","primary_button_hover_border":"#dedede","secondary_button_background":"rgba(0,0,0,0)","secondary_button_text":"#ffffff","secondary_button_border":"#ffffff","secondary_button_hover_background":"rgba(0,0,0,0)","secondary_button_hover_text":"#acacac","secondary_button_hover_border":"#acacac","input_background":"#ffffff","input_text_color":"#000000","input_border_color":"#000000","input_hover_background":"#f5f5f5","variant_background_color":"#ffffff","variant_text_color":"#000000","variant_border_color":"#e6e6e6","variant_hover_background_color":"#f5f5f5","variant_hover_text_color":"#000000","variant_hover_border_color":"#e6e6e6","selected_variant_background_color":"#000000","selected_variant_text_color":"#ffffff","selected_variant_border_color":"#000000","selected_variant_hover_background_color":"#1a1a1a","selected_variant_hover_text_color":"#ffffff","selected_variant_hover_border_color":"#1a1a1a"}}}}}}